<?xml version="1.0" encoding="UTF-8"?>
<beans xmlns="http://www.springframework.org/schema/beans"
	xmlns:xsi="http://www.w3.org/2001/XMLSchema-instance" xmlns:p="http://www.springframework.org/schema/p"
	xsi:schemaLocation="http://www.springframework.org/schema/beans http://www.springframework.org/schema/beans/spring-beans-3.0.xsd">
	<!-- File : SpringConfig.xml -->
	<bean id="ob" class="constructorInjection.Country">
		<constructor-arg value="INDIA"></constructor-arg>
		<constructor-arg>
			<list>
				<ref bean="list1" />
				<ref bean="list2" />
			</list>
		</constructor-arg>
	</bean>


	<bean id="list1" class="constructorInjection.State">
		<constructor-arg value="ANDHRA"></constructor-arg>
		<constructor-arg value="HYDERABAD"></constructor-arg>
	</bean>

	<bean id="list2" class="constructorInjection.State">
		<constructor-arg value="TAMILNADU"></constructor-arg>
		<constructor-arg value="CHENNAI"></constructor-arg>
	</bean>
</beans>