<?xml version="1.0" encoding="UTF-8"?>
<!-- File : SpringConfig.xml -->
<beans xmlns="http://www.springframework.org/schema/beans"
	xmlns:xsi="http://www.w3.org/2001/XMLSchema-instance" xmlns:p="http://www.springframework.org/schema/p"
	xsi:schemaLocation="http://www.springframework.org/schema/beans   
http://www.springframework.org/schema/beans/spring-beans-3.0.xsd">

	<bean id="acc" class="Account">
		<property name="balance" value="1000" />
	</bean>

	<bean id="beforeObj" class="BeforeAdviceEx"></bean>
	<bean id="afterObj" class="AfterAdviceEx"></bean>
	<bean id="aroundObj" class="AroundAdviceEx"></bean>
	<bean id="throwsObj" class="ThrowsAdviceEx"></bean>

	<bean id="proxy" class="org.springframework.aop.framework.ProxyFactoryBean">
		<property name="target" ref="acc"></property>
		<property name="interceptorNames">
			<list>
				<value>beforeObj</value>
				<value>afterObj</value>
				<value>aroundObj</value>
				<value>throwsObj</value>
			</list>
		</property>
	</bean>

</beans>  