<beans xmlns="http://www.springframework.org/schema/beans"
	xmlns:xsi="http://www.w3.org/2001/XMLSchema-instance"
	xsi:schemaLocation="http://www.springframework.org/schema/beans 
	http://www.springframework.org/schema/beans/spring-beans-2.5.xsd">

	<bean
		class="org.springframework.web.servlet.mvc.support.ControllerClassNameHandlerMapping" />

	<bean class="controller.StudentController">
		<property name="methodNameResolver">
			<bean
				class="org.springframework.web.servlet.mvc.multiaction.InternalPathMethodNameResolver">
				<property name="prefix" value="check" />
				<property name="suffix" value="Student" />
			</bean>
		</property>
	</bean>

	<bean id="viewResolver"
		class="org.springframework.web.servlet.view.InternalResourceViewResolver">
		<property name="prefix">
			<value>/WEB-INF/jsp/</value>
		</property>
		<property name="suffix">
			<value>.jsp</value>
		</property>
	</bean>

</beans>