<?xml version="1.0" encoding="UTF-8"?>
<beans xmlns="http://www.springframework.org/schema/beans"
	xmlns:xsi="http://www.w3.org/2001/XMLSchema-instance" xmlns:p="http://www.springframework.org/schema/p"
	xsi:schemaLocation="http://www.springframework.org/schema/beans http://www.springframework.org/schema/beans/spring-beans-3.0.xsd">
<!-- File : SpringConfig.xml -->
	<bean id="ob" class="collectionsref.Country">
		<property name="countryName" value="INDIA"></property>
		<property name="states">
			<list>
				 <ref bean="list1"/>
				 <ref bean="list2"/>
			</list>
		</property>		 
	</bean>
	
	
	<bean id="list1" class="collectionsref.State">		 
		<property name="stName" value="ANDHRA"></property>
		<property name="stCapital" value="HYDERABAD"></property>		 		 
	</bean>
	
	<bean id="list2" class="collectionsref.State">		 
		<property name="stName" value="TAMILNADU"></property>
		<property name="stCapital" value="CHENNAI"></property>		 		 
	</bean>
</beans>