<?xml version="1.0" encoding="UTF-8"?>
<!-- File : SpringConfig.xml -->
<beans xmlns="http://www.springframework.org/schema/beans"
	xmlns:xsi="http://www.w3.org/2001/XMLSchema-instance" xmlns:p="http://www.springframework.org/schema/p"
	xsi:schemaLocation="http://www.springframework.org/schema/beans http://www.springframework.org/schema/beans/spring-beans-3.0.xsd">

	<bean
		class="org.springframework.beans.factory.annotation.AutowiredAnnotationBeanPostProcessor" />
	<bean id="student" class="anno.Student">
		<property name="sno" value="101"></property>
		<property name="name" value="Satya Kaveti"></property>
		<!-- This property will Autowires by name 
		<property name="address"> 
			<ref bean="addr" /> 
		</property> -->
	</bean>

	<bean id="address1" class="anno.Address">
		<property name="hno" value="322"></property>
		<property name="city" value="HYDERABAD"></property>
	</bean>
	<bean id="address2" class="anno.Address">
		<property name="hno" value="322"></property>
		<property name="city" value="HYDERABAD"></property>
	</bean>
</beans>