<?xml version="1.0" encoding="UTF-8"?>
<beans xmlns="http://www.springframework.org/schema/beans"
	xmlns:xsi="http://www.w3.org/2001/XMLSchema-instance" xmlns:p="http://www.springframework.org/schema/p"
	xsi:schemaLocation="http://www.springframework.org/schema/beans http://www.springframework.org/schema/beans/spring-beans-3.0.xsd">

	<bean id="ob" class="primitive.Student">
		<property name="sno" value="101"></property>
		<property name="name" value="Satya Kaveti"></property>
		<property name="address" value="HYDERABAD"></property>
	</bean>
</beans>