<?xml version="1.0" encoding="UTF-8"?>
<beans xmlns="http://www.springframework.org/schema/beans"
	xmlns:xsi="http://www.w3.org/2001/XMLSchema-instance" xmlns:p="http://www.springframework.org/schema/p"
	xsi:schemaLocation="http://www.springframework.org/schema/beans http://www.springframework.org/schema/beans/spring-beans-3.0.xsd">
<!-- File : SpringConfig.xml -->
	<bean id="ob" class="collections.Country">
		<property name="countryName" value="INDIA"></property>
		<property name="states">
			<list>
				<value>ANDHRA</value>
				<value>ANDHRA</value>
				<value>TELANGANA</value>
				<value>TAMILNADU</value>
			</list>
		</property>
		<property name="rivers">
			<set>
				<value>KRINSHNA</value>
				<value>KRINSHNA</value>
				<value>GANGA</value>
				<value>YAMUNA</value>
			</set>
		</property>
		<property name="capitals">
			<map>
				<entry key="ANDHRA" value="VIJAYAWADA"></entry>
				<entry key="TELANGANA" value="HYDERABAD"></entry>
				<entry key="TAMILNADU" value="CHENNAI"></entry>
			</map>
		</property>
	</bean>
</beans>