<?xml version="1.0" encoding="UTF-8"?>
<!-- File : SpringConfig.xml -->
<beans xmlns="http://www.springframework.org/schema/beans"
	xmlns:xsi="http://www.w3.org/2001/XMLSchema-instance" xmlns:p="http://www.springframework.org/schema/p"
	xsi:schemaLocation="http://www.springframework.org/schema/beans   
http://www.springframework.org/schema/beans/spring-beans-3.0.xsd">

	<bean id="ds"
		class="org.springframework.jdbc.datasource.DriverManagerDataSource">
		<property name="driverClassName" value="com.mysql.jdbc.Driver" />
		<property name="url" value="jdbc:mysql://localhost:3306/smlcodes" />
		<property name="username" value="root" />
		<property name="password" value="root" />
	</bean>

	<bean id="jtemplate" class="org.springframework.jdbc.core.simple.SimpleJdbcTemplate">
		<constructor-arg ref="ds"></constructor-arg>
	</bean>

	<bean id="dao" class="StudentDao">
		<constructor-arg>
			<ref bean="jtemplate" />
		</constructor-arg>
	</bean>
</beans>  