<?xml version="1.0" encoding="UTF-8"?>
<!-- File : SpringConfig.xml -->
<beans xmlns="http://www.springframework.org/schema/beans"
	xmlns:xsi="http://www.w3.org/2001/XMLSchema-instance" xmlns:p="http://www.springframework.org/schema/p"
	xsi:schemaLocation="http://www.springframework.org/schema/beans http://www.springframework.org/schema/beans/spring-beans-3.0.xsd">

	<bean id="student" class="byType.Student" autowire="byType">
		<property name="sno" value="101"></property>
		<property name="name" value="Satya Kaveti"></property>
	</bean>

	<bean id="address" class="byType.Address">
		<property name="hno" value="322"></property>
		<property name="city" value="HYDERABAD"></property>
	</bean>
	
	
	<bean id="address1" class="byType.Address">
		<property name="hno" value="322"></property>
		<property name="city" value="HYDERABAD"></property>
	</bean>
</beans>